tstamp,windspeed-2,windspeed-1,windspeed-0,temperature-2,temperature-1,temperature-0,solarflux,humidity-2,humidity-1,humidity-0,clearingprice
965070000,9.61883,9.47203,9.31125,60.262,60.1664,60.0145,0,0.8,0.80156,0.80375,0.14
965070900,9.47203,9.31125,9.13649,60.1664,60.0145,59.8064,0,0.80156,0.80375,0.80656,0.14
965071800,9.31125,9.13649,8.94775,60.0145,59.8064,59.542,0,0.80375,0.80656,0.81,0.14
965072700,9.13649,8.94775,8.68211,59.8064,59.542,59.1201,0,0.80656,0.81,0.81406,0.14
965073600,8.94775,8.68211,8.44443,59.542,59.1201,58.7095,0,0.81,0.81406,0.81875,0.14
965074500,8.68211,8.44443,8.23472,59.1201,58.7095,58.3101,0,0.81406,0.81875,0.82406,0.14
965075400,8.44443,8.23472,8.05297,58.7095,58.3101,57.922,0,0.81875,0.82406,0.83,0.14
965076300,8.23472,8.05297,7.9621,58.3101,57.922,57.6126,0,0.82406,0.83,0.83844,0.14
965077200,8.05297,7.9621,7.85724,57.922,57.6126,57.2695,0,0.83,0.83844,0.84625,0.14
965078100,7.9621,7.85724,7.7384,57.6126,57.2695,56.8926,0,0.83844,0.84625,0.85344,0.14
965079000,7.85724,7.7384,7.60558,57.2695,56.8926,56.482,0,0.84625,0.85344,0.86,0.14
965079900,7.7384,7.60558,7.33296,56.8926,56.482,55.7507,0,0.85344,0.86,0.865,0.14
965080800,7.60558,7.33296,7.13023,56.482,55.7507,55.177,0,0.86,0.865,0.87,0.14
965081700,7.33296,7.13023,6.99742,55.7507,55.177,54.7607,0,0.865,0.87,0.875,0.14
965082600,7.13023,6.99742,6.9345,55.177,54.7607,54.502,0.2822,0.87,0.875,0.88,0.14
965083500,6.99742,6.9345,6.92052,54.7607,54.502,54.4176,0.43954,0.875,0.88,0.8925,0.14
965084400,6.9345,6.92052,6.99043,54.502,54.4176,54.4795,1.25758,0.88,0.8925,0.9,0.12
965085300,6.92052,6.99043,7.14422,54.4176,54.4795,54.6876,2.7363,0.8925,0.9,0.9025,0.12
965086200,6.99043,7.14422,7.38189,54.4795,54.6876,55.042,4.87572,0.9,0.9025,0.9,0.12
965087100,7.14422,7.38189,8.1019,54.6876,55.042,55.6439,8.43015,0.9025,0.9,0.89531,0.12
965088000,7.38189,8.1019,8.64017,55.042,55.6439,56.3245,12.1424,0.9,0.89531,0.88375,0.12
965088900,8.1019,8.64017,8.99668,55.6439,56.3245,57.0839,16.0124,0.89531,0.88375,0.86531,0.12
965089800,8.64017,8.99668,9.17144,56.3245,57.0839,57.922,20.0403,0.88375,0.86531,0.84,0.12
965090700,8.99668,9.17144,8.78697,57.0839,57.922,59.5307,25.9639,0.86531,0.84,0.77875,0.12
965091600,9.17144,8.78697,8.4724,57.922,59.5307,60.757,30.8866,0.84,0.77875,0.73,0.12
965092500,8.78697,8.4724,8.22773,59.5307,60.757,61.6007,34.8086,0.77875,0.73,0.69375,0.12
965093400,8.4724,8.22773,8.05297,60.757,61.6007,62.062,37.7297,0.73,0.69375,0.67,0.12
965094300,8.22773,8.05297,7.94811,61.6007,62.062,60.7401,36.8126,0.69375,0.67,0.6925,0.12
965095200,8.05297,7.94811,7.91316,62.062,60.7401,59.9695,36.7863,0.67,0.6925,0.705,0.12
965096100,7.94811,7.91316,7.94811,60.7401,59.9695,59.7501,37.6508,0.6925,0.705,0.7075,0.12
965097000,7.91316,7.94811,8.05297,59.9695,59.7501,60.082,39.4061,0.705,0.7075,0.7,0.12
965097900,7.94811,8.05297,8.20676,59.7501,60.082,62.5176,47.5089,0.7075,0.7,0.65531,0.12
965098800,8.05297,8.20676,8.44443,60.082,62.5176,64.4695,52.8647,0.7,0.65531,0.61875,0.12
965099700,8.20676,8.44443,8.76599,62.5176,64.4695,65.9376,55.4736,0.65531,0.61875,0.59031,0.12
965100600,8.44443,8.76599,9.17144,64.4695,65.9376,66.922,55.3354,0.61875,0.59031,0.57,0.12
965101500,8.76599,9.17144,10.248,65.9376,66.922,66.7982,45.8918,0.59031,0.57,0.56625,0.12
965102400,9.17144,10.248,11.0169,66.922,66.7982,66.607,38.0735,0.57,0.56625,0.565,0.12
965103300,10.248,11.0169,11.4783,66.7982,66.607,66.3482,31.8806,0.56625,0.565,0.56625,0.12
965104200,11.0169,11.4783,11.6321,66.607,66.3482,66.022,27.3131,0.565,0.56625,0.57,0.12
965105100,11.4783,11.6321,11.1008,66.3482,66.022,65.257,26.5752,0.56625,0.57,0.58563,0.12
965106000,11.6321,11.1008,10.5136,66.022,65.257,64.672,25.9932,0.57,0.58563,0.5975,0.12
965106900,11.1008,10.5136,9.87048,65.257,64.672,64.267,25.567,0.58563,0.5975,0.60563,0.12
965107800,10.5136,9.87048,9.17144,64.672,64.267,64.042,25.2967,0.5975,0.60563,0.61,0.12
965108700,9.87048,9.17144,7.59859,64.267,64.042,63.9632,24.1086,0.60563,0.61,0.61063,0.12
965109600,9.17144,7.59859,6.51508,64.042,63.9632,64.087,23.7922,0.61,0.61063,0.6075,0.12
965110500,7.59859,6.51508,5.92089,63.9632,64.087,64.4132,24.3474,0.61063,0.6075,0.60063,0.12
965111400,6.51508,5.92089,5.81603,64.087,64.4132,64.942,25.7742,0.6075,0.60063,0.59,0.12
965112300,5.92089,5.81603,7.2281,64.4132,64.942,66.2807,27.8397,0.60063,0.59,0.56719,0.12
965113200,5.81603,7.2281,8.44443,64.942,66.2807,67.417,30.9322,0.59,0.56719,0.54625,0.12
965114100,7.2281,8.44443,9.46504,66.2807,67.417,68.3507,35.0517,0.56719,0.54625,0.52719,0.12
965115000,8.44443,9.46504,10.2899,67.417,68.3507,69.082,40.1983,0.54625,0.52719,0.51,0.12
965115900,9.46504,10.2899,10.8771,68.3507,69.082,69.3914,52.3055,0.52719,0.51,0.49281,0.12
965116800,10.2899,10.8771,11.2965,69.082,69.3914,69.6445,61.484,0.51,0.49281,0.47875,0.12
965117700,10.8771,11.2965,11.5482,69.3914,69.6445,69.8414,67.7339,0.49281,0.47875,0.46781,0.12
965118600,11.2965,11.5482,11.6321,69.6445,69.8414,69.982,71.0552,0.47875,0.46781,0.46,0.12
965119500,11.5482,11.6321,10.4157,69.8414,69.982,70.3532,67.3918,0.46781,0.46,0.44781,0.12
965120400,11.6321,10.4157,9.7866,69.982,70.3532,70.477,63.5038,0.46,0.44781,0.44375,0.12
965121300,10.4157,9.7866,9.74465,70.3532,70.477,70.3532,59.3911,0.44781,0.44375,0.44781,0.12
965122200,9.7866,9.74465,10.2899,70.477,70.3532,69.982,55.0537,0.44375,0.44781,0.46,0.12
965123100,9.74465,10.2899,13.5824,70.3532,69.982,68.9076,50.0369,0.44781,0.46,0.50094,0.12
965124000,10.2899,13.5824,16.0221,69.982,68.9076,67.8895,45.0985,0.46,0.50094,0.53625,0.12
965124900,13.5824,16.0221,17.6089,68.9076,67.8895,66.9276,40.2387,0.50094,0.53625,0.56594,0.12
965125800,16.0221,17.6089,18.3429,67.8895,66.9276,66.022,35.4573,0.53625,0.56594,0.59,0.12
965126700,17.6089,18.3429,16.7561,66.9276,66.022,65.0545,30.329,0.56594,0.59,0.6,0.12
965127600,18.3429,16.7561,15.2951,66.022,65.0545,64.222,25.5629,0.59,0.6,0.61,0.1308
965128500,16.7561,15.2951,13.9599,65.0545,64.222,63.5245,21.159,0.6,0.61,0.62,0.1307
965129400,15.2951,13.9599,12.7505,64.222,63.5245,62.962,17.1171,0.61,0.62,0.63,0.14
965130300,13.9599,12.7505,11.7299,63.5245,62.962,62.8382,13.1373,0.62,0.63,0.64094,0.14
965131200,12.7505,11.7299,10.7932,62.962,62.8382,62.647,9.71977,0.63,0.64094,0.65125,0.14
965132100,11.7299,10.7932,9.94039,62.8382,62.647,62.3882,6.86448,0.64094,0.65125,0.66094,0.14
965133000,10.7932,9.94039,9.17144,62.647,62.3882,62.062,4.57144,0.65125,0.66094,0.67,0.14
965133900,9.94039,9.17144,8.50735,62.3882,62.062,61.3814,3.44711,0.66094,0.67,0.68031,0.14
965134800,9.17144,8.50735,7.91316,62.062,61.3814,60.8245,2.48074,0.67,0.68031,0.68875,0.14
965135700,8.50735,7.91316,7.38888,61.3814,60.8245,60.3914,1.67235,0.68031,0.68875,0.69531,0.14
965136600,7.91316,7.38888,6.9345,60.8245,60.3914,60.082,1.02193,0.68875,0.69531,0.7,0.14
965137500,7.38888,6.9345,6.55003,60.3914,60.082,60.082,0.67064,0.69531,0.7,0.7,0.14
965138400,6.9345,6.55003,6.23546,60.082,60.082,60.082,0.38323,0.7,0.7,0.7,0.14
965139300,6.55003,6.23546,5.9908,60.082,60.082,60.082,0.15968,0.7,0.7,0.7,0.14
965140200,6.23546,5.9908,5.81603,60.082,60.082,60.082,0,0.7,0.7,0.7,0.14
965141100,5.9908,5.81603,6.04672,60.082,60.082,60.082,0,0.7,0.7,0.7,0.14
965142000,5.81603,6.04672,6.12361,60.082,60.082,60.082,0,0.7,0.7,0.7,0.14
965142900,6.04672,6.12361,6.04672,60.082,60.082,60.082,0,0.7,0.7,0.7,0.14
965143800,6.12361,6.04672,5.81603,60.082,60.082,60.082,0,0.7,0.7,0.7,0.14
965144700,6.04672,5.81603,4.84437,60.082,60.082,60.1832,0,0.7,0.7,0.69813,0.14
965145600,5.81603,4.84437,4.11037,60.082,60.1832,60.217,0,0.7,0.69813,0.6975,0.16
965146500,4.84437,4.11037,3.61405,60.1832,60.217,60.1832,0,0.69813,0.6975,0.69813,0.3
965147400,4.11037,3.61405,3.3554,60.217,60.1832,60.082,0,0.6975,0.69813,0.7,0.3
965148300,3.61405,3.3554,3.5022,60.1832,60.082,59.8964,0,0.69813,0.7,0.70125,0.3
965149200,3.3554,3.5022,3.77483,60.082,59.8964,59.6545,0,0.7,0.70125,0.705,0.3
965150100,3.5022,3.77483,4.17328,59.8964,59.6545,59.3564,0,0.70125,0.705,0.71125,0.3
965151000,3.77483,4.17328,4.69757,59.6545,59.3564,59.002,0,0.705,0.71125,0.72,0.3
965151900,4.17328,4.69757,6.29138,59.3564,59.002,58.507,0,0.71125,0.72,0.73594,0.3
965152800,4.69757,6.29138,7.38189,59.002,58.507,58.012,0,0.72,0.73594,0.75125,0.14
965153700,6.29138,7.38189,7.96909,58.507,58.012,57.517,0,0.73594,0.75125,0.76594,0.14
965154600,7.38189,7.96909,8.05297,58.012,57.517,57.022,0,0.75125,0.76594,0.78,0.14
965155500,7.96909,8.05297,6.31235,57.517,57.022,56.4426,0,0.76594,0.78,0.79063,0.14
965156400,8.05297,6.31235,4.94922,57.022,56.4426,55.9195,0,0.78,0.79063,0.8025,0.14
965157300,6.31235,4.94922,3.96357,56.4426,55.9195,55.4526,0,0.79063,0.8025,0.81563,0.16
965158200,4.94922,3.96357,3.3554,55.9195,55.4526,55.042,0,0.8025,0.81563,0.83,0.3
965159100,3.96357,3.3554,3.71192,55.4526,55.042,54.5695,0,0.81563,0.83,0.85688,0.3
965160000,3.3554,3.71192,4.05445,55.042,54.5695,54.232,0,0.83,0.85688,0.8775,0.3
965160900,3.71192,4.05445,4.383,54.5695,54.232,54.0295,0,0.85688,0.8775,0.89188,0.3
965161800,4.05445,4.383,4.69757,54.232,54.0295,53.962,0,0.8775,0.89188,0.9,0.3
965162700,4.383,4.69757,4.87233,54.0295,53.962,54.7045,0,0.89188,0.9,0.88406,0.3
965163600,4.69757,4.87233,5.11699,53.962,54.7045,55.132,0,0.9,0.88406,0.87375,0.3
965164500,4.87233,5.11699,5.43156,54.7045,55.132,55.2445,0,0.88406,0.87375,0.86906,0.16
965165400,5.11699,5.43156,5.81603,55.132,55.2445,55.042,0,0.87375,0.86906,0.87,0.16
965166300,5.43156,5.81603,6.68984,55.2445,55.042,53.4107,0,0.86906,0.87,0.89719,0.16
965167200,5.81603,6.68984,7.35393,55.042,53.4107,52.207,0,0.87,0.89719,0.91625,0.14
965168100,6.68984,7.35393,7.80831,53.4107,52.207,51.4307,0,0.89719,0.91625,0.92719,0.14
965169000,7.35393,7.80831,8.05297,52.207,51.4307,51.082,0.28156,0.91625,0.92719,0.93,0.14
965169900,7.80831,8.05297,7.77335,51.4307,51.082,51.7007,1.41423,0.92719,0.93,0.91625,0.14
965170800,8.05297,7.77335,7.49374,51.082,51.7007,52.387,2.92423,0.93,0.91625,0.9,0.14
965171700,7.77335,7.49374,7.21412,51.7007,52.387,53.1407,4.81156,0.91625,0.9,0.88125,0.14
965172600,7.49374,7.21412,6.9345,52.387,53.1407,53.962,7.07621,0.9,0.88125,0.86,0.14
965173500,7.21412,6.9345,6.1306,53.1407,53.962,55.0364,9.88034,0.88125,0.86,0.82969,0.14
965174400,6.9345,6.1306,5.67623,53.962,55.0364,56.0545,12.9537,0.86,0.82969,0.80125,0.14
965175300,6.1306,5.67623,5.57137,55.0364,56.0545,57.0164,16.2963,0.82969,0.80125,0.77469,0.12
965176200,5.67623,5.57137,5.81603,56.0545,57.0164,57.922,19.9081,0.80125,0.77469,0.75,0.12
965177100,5.57137,5.81603,7.6685,57.0164,57.922,58.7882,25.0992,0.77469,0.75,0.72625,0.12
965178000,5.81603,7.6685,9.03163,57.922,58.7882,59.587,29.6861,0.75,0.72625,0.705,0.12
965178900,7.6685,9.03163,9.90543,58.7882,59.587,60.3182,33.669,0.72625,0.705,0.68625,0.12
965179800,9.03163,9.90543,10.2899,59.587,60.3182,60.982,37.0478,0.705,0.68625,0.67,0.12
965180700,9.90543,10.2899,8.92677,60.3182,60.982,61.5614,40.4261,0.68625,0.67,0.65625,0.12
965181600,10.2899,8.92677,7.91316,60.982,61.5614,62.0845,42.7979,0.67,0.65625,0.645,0.12
965182500,8.92677,7.91316,7.24907,61.5614,62.0845,62.5514,44.1632,0.65625,0.645,0.63625,0.12
965183400,7.91316,7.24907,6.9345,62.0845,62.5514,62.962,44.522,0.645,0.63625,0.63,0.12
965184300,7.24907,6.9345,7.26305,62.5514,62.962,63.0632,41.8795,0.63625,0.63,0.63938,0.12
965185200,6.9345,7.26305,7.74539,62.962,63.0632,63.277,39.5604,0.63,0.63938,0.6425,0.12
965186100,7.26305,7.74539,8.38152,63.0632,63.277,63.6032,37.5648,0.63938,0.6425,0.63938,0.12
965187000,7.74539,8.38152,9.17144,63.277,63.6032,64.042,35.8926,0.6425,0.63938,0.63,0.12
965187900,8.38152,9.17144,10.7862,63.6032,64.042,64.9307,33.8214,0.63938,0.63,0.59563,0.12
965188800,9.17144,10.7862,12.1074,64.042,64.9307,65.707,32.5553,0.63,0.59563,0.5675,0.12
965189700,10.7862,12.1074,13.135,64.9307,65.707,66.3707,32.0944,0.59563,0.5675,0.54563,0.1378
965190600,12.1074,13.135,13.869,65.707,66.3707,66.922,32.4386,0.5675,0.54563,0.53,0.14
965191500,13.135,13.869,13.7641,66.3707,66.922,67.1076,34.3002,0.54563,0.53,0.53375,0.14
965192400,13.869,13.7641,13.7292,66.922,67.1076,67.3495,36.4921,0.53,0.53375,0.535,0.14
965193300,13.7641,13.7292,13.7641,67.1076,67.3495,67.6476,39.0144,0.53375,0.535,0.53375,0.1357
965194200,13.7292,13.7641,13.869,67.3495,67.6476,68.002,41.867,0.535,0.53375,0.53,0.12
965195100,13.7641,13.869,14.1486,67.6476,68.002,68.767,47.9734,0.53375,0.53,0.5125,0.12
965196000,13.869,14.1486,14.4282,68.002,68.767,69.352,52.4612,0.53,0.5125,0.5,0.12
965196900,14.1486,14.4282,14.7079,68.767,69.352,69.757,55.3305,0.5125,0.5,0.4925,0.12
965197800,14.4282,14.7079,14.9875,69.352,69.757,69.982,56.5812,0.5,0.4925,0.49,0.12
965198700,14.7079,14.9875,15.6865,69.757,69.982,69.6726,54.3008,0.4925,0.49,0.50375,0.12
965199600,14.9875,15.6865,16.1059,69.982,69.6726,69.4195,51.6769,0.49,0.50375,0.515,0.12
965200500,15.6865,16.1059,16.2457,69.6726,69.4195,69.2226,48.7094,0.50375,0.515,0.52375,0.12
965201400,16.1059,16.2457,16.1059,69.4195,69.2226,69.082,45.3983,0.515,0.52375,0.53,0.12
965202300,16.2457,16.1059,14.8477,69.2226,69.082,69.1832,40.0476,0.52375,0.53,0.52625,0.1336
965203200,16.1059,14.8477,13.869,69.082,69.1832,69.217,35.4841,0.53,0.52625,0.525,0.14
965204100,14.8477,13.869,13.17,69.1832,69.217,69.1832,31.7078,0.52625,0.525,0.52625,0.14
965205000,13.869,13.17,12.7505,69.217,69.1832,69.082,28.7187,0.525,0.52625,0.53,0.14
965205900,13.17,12.7505,13.2399,69.1832,69.082,68.812,27.8748,0.52625,0.53,0.54188,0.14
965206800,12.7505,13.2399,13.5894,69.082,68.812,68.542,26.9128,0.53,0.54188,0.5525,0.14
965207700,13.2399,13.5894,13.7991,68.812,68.542,68.272,25.8328,0.54188,0.5525,0.56188,0.14
965208600,13.5894,13.7991,13.869,68.542,68.272,68.002,24.6346,0.5525,0.56188,0.57,0.14
965209500,13.7991,13.869,13.8201,68.272,68.002,67.7151,23.7534,0.56188,0.57,0.57313,0.14
965210400,13.869,13.8201,13.6173,68.002,67.7151,67.4395,22.464,0.57,0.57313,0.5775,0.14
965211300,13.8201,13.6173,13.2608,67.7151,67.4395,67.1751,20.7665,0.57313,0.5775,0.58313,0.14
965212200,13.6173,13.2608,12.7505,67.4395,67.1751,66.922,18.6608,0.5775,0.58313,0.59,0.14
965213100,13.2608,12.7505,11.1847,67.1751,66.922,66.7982,14.7209,0.58313,0.59,0.59719,0.14
965214000,12.7505,11.1847,10.0662,66.922,66.7982,66.607,11.3236,0.59,0.59719,0.60625,0.14
965214900,11.1847,10.0662,9.39513,66.7982,66.607,66.3482,8.46873,0.59719,0.60625,0.61719,0.14
965215800,10.0662,9.39513,9.17144,66.607,66.3482,66.022,6.15635,0.60625,0.61719,0.63,0.14
965216700,9.39513,9.17144,10.2969,66.3482,66.022,65.4426,4.99927,0.61719,0.63,0.65125,0.14
965217600,9.17144,10.2969,11.2686,66.022,65.4426,64.9195,3.97614,0.63,0.65125,0.67,0.14
965218500,10.2969,11.2686,12.0864,65.4426,64.9195,64.4526,3.08696,0.65125,0.67,0.68625,0.14
965219400,11.2686,12.0864,12.7505,64.9195,64.4526,64.042,2.33173,0.67,0.68625,0.7,0.14
965220300,12.0864,12.7505,13.6803,64.4526,64.042,63.7551,1.81472,0.68625,0.7,0.70563,0.14
965221200,12.7505,13.6803,14.1766,64.042,63.7551,63.4795,1.36214,0.7,0.70563,0.7125,0.14
965222100,13.6803,14.1766,14.2395,63.7551,63.4795,63.2151,0.97401,0.70563,0.7125,0.72063,0.14
965223000,14.1766,14.2395,13.869,63.4795,63.2151,62.962,0.65032,0.7125,0.72063,0.73,0.14
965223900,14.2395,13.869,11.66,63.2151,62.962,62.7539,0.42677,0.72063,0.73,0.74438,0.14
965224800,13.869,11.66,9.95437,62.962,62.7539,62.5345,0.24387,0.73,0.74438,0.7575,0.14
965225700,11.66,9.95437,8.75201,62.7539,62.5345,62.3039,0.10161,0.74438,0.7575,0.76938,0.14
965226600,9.95437,8.75201,8.05297,62.5345,62.3039,62.062,0,0.7575,0.76938,0.78,0.14
965227500,8.75201,8.05297,9.24134,62.3039,62.062,61.6907,0,0.76938,0.78,0.79031,0.14
965228400,8.05297,9.24134,10.0103,62.062,61.6907,61.387,0,0.78,0.79031,0.79875,0.14
965229300,9.24134,10.0103,10.3598,61.6907,61.387,61.1507,0,0.79031,0.79875,0.80531,0.14
965230200,10.0103,10.3598,10.2899,61.387,61.1507,60.982,0,0.79875,0.80531,0.81,0.14
965231100,10.3598,10.2899,8.64716,61.1507,60.982,60.982,0,0.80531,0.81,0.81,0.14
965232000,10.2899,8.64716,7.35393,60.982,60.982,60.982,0,0.81,0.81,0.81,0.14
965232900,8.64716,7.35393,6.41022,60.982,60.982,60.982,0,0.81,0.81,0.81,0.14
965233800,7.35393,6.41022,5.81603,60.982,60.982,60.982,0,0.81,0.81,0.81,0.14
965234700,6.41022,5.81603,6.20051,60.982,60.982,61.0664,0,0.81,0.81,0.80719,0.1555
965235600,5.81603,6.20051,6.51508,60.982,61.0664,61.0945,0,0.81,0.80719,0.80625,0.1514
965236500,6.20051,6.51508,6.75974,61.0664,61.0945,61.0664,0,0.80719,0.80625,0.80719,0.14
965237400,6.51508,6.75974,6.9345,61.0945,61.0664,60.982,0,0.80625,0.80719,0.81,0.14
965238300,6.75974,6.9345,6.9345,61.0664,60.982,60.6726,0,0.80719,0.81,0.82313,0.14
965239200,6.9345,6.9345,6.9345,60.982,60.6726,60.4195,0,0.81,0.82313,0.8325,0.14
965240100,6.9345,6.9345,6.9345,60.6726,60.4195,60.2226,0,0.82313,0.8325,0.83813,0.14
965241000,6.9345,6.9345,6.9345,60.4195,60.2226,60.082,0,0.8325,0.83813,0.84,0.14
965241900,6.9345,6.9345,7.14422,60.2226,60.082,60.1832,0,0.83813,0.84,0.82688,0.14
965242800,6.9345,7.14422,7.21412,60.082,60.1832,60.217,0,0.84,0.82688,0.8175,0.14
965243700,7.14422,7.21412,7.14422,60.1832,60.217,60.1832,0,0.82688,0.8175,0.81188,0.14
965244600,7.21412,7.14422,6.9345,60.217,60.1832,60.082,0,0.8175,0.81188,0.81,0.14
965245500,7.14422,6.9345,6.16556,60.1832,60.082,59.7107,0,0.81188,0.81,0.82031,0.14
965246400,6.9345,6.16556,5.53642,60.082,59.7107,59.407,0,0.81,0.82031,0.82875,0.14
965247300,6.16556,5.53642,5.04709,59.7107,59.407,59.1707,0,0.82031,0.82875,0.83531,0.16
965248200,5.53642,5.04709,4.69757,59.407,59.1707,59.002,0,0.82875,0.83531,0.84,0.16
965249100,5.04709,4.69757,4.69757,59.1707,59.002,59.1032,0,0.83531,0.84,0.83438,0.3
965250000,4.69757,4.69757,4.69757,59.002,59.1032,59.137,0,0.84,0.83438,0.8325,0.3
965250900,4.69757,4.69757,4.69757,59.1032,59.137,59.1032,0,0.83438,0.8325,0.83438,0.3
965251800,4.69757,4.69757,4.69757,59.137,59.1032,59.002,0,0.8325,0.83438,0.84,0.3
965252700,4.69757,4.69757,4.48785,59.1032,59.002,58.5295,0,0.83438,0.84,0.86063,0.3
965253600,4.69757,4.48785,4.41795,59.002,58.5295,58.192,0,0.84,0.86063,0.8775,0.3
965254500,4.48785,4.41795,4.48785,58.5295,58.192,57.9895,0.05124,0.86063,0.8775,0.89063,0.3
965255400,4.41795,4.48785,4.69757,58.192,57.9895,57.922,0.28092,0.8775,0.89063,0.9,0.3
965256300,4.48785,4.69757,5.67623,57.9895,57.922,58.192,0.55854,0.89063,0.9,0.90281,0.3
965257200,4.69757,5.67623,6.37527,57.922,58.192,58.462,0.98136,0.9,0.90281,0.90375,0.16
965258100,5.67623,6.37527,6.79469,58.192,58.462,58.732,1.54937,0.90281,0.90375,0.90281,0.14
965259000,6.37527,6.79469,6.9345,58.462,58.732,59.002,2.26258,0.90375,0.90281,0.9,0.14
965259900,6.79469,6.9345,5.95584,58.732,59.002,59.2889,3.35194,0.90281,0.9,0.8925,0.14
965260800,6.9345,5.95584,5.2568,59.002,59.2889,59.5645,4.43253,0.9,0.8925,0.885,0.14
965261700,5.95584,5.2568,4.83737,59.2889,59.5645,59.8289,5.50433,0.8925,0.885,0.8775,0.16
965262600,5.2568,4.83737,4.69757,59.5645,59.8289,60.082,6.56735,0.885,0.8775,0.87,0.16
965263500,4.83737,4.69757,6.11662,59.8289,60.082,60.2057,7.27226,0.8775,0.87,0.86531,0.16
965264400,4.69757,6.11662,6.96246,60.082,60.2057,60.397,8.20128,0.87,0.86531,0.85875,0.14
965265300,6.11662,6.96246,7.23509,60.2057,60.397,60.6557,9.3544,0.86531,0.85875,0.85031,0.14
965266200,6.96246,7.23509,6.9345,60.397,60.6557,60.982,10.7316,0.85875,0.85031,0.84,0.14
965267100,7.23509,6.9345,4.00551,60.6557,60.982,61.477,12.4122,0.85031,0.84,0.82688,0.14
965268000,6.9345,4.00551,1.87343,60.982,61.477,61.972,14.2641,0.84,0.82688,0.8125,0.3
965268900,4.00551,1.87343,0.53826,61.477,61.972,62.467,16.2872,0.82688,0.8125,0.79688,0.3
965269800,1.87343,0.53826,0,61.972,62.467,62.962,18.4817,0.8125,0.79688,0.78,0.3
965270700,0.53826,0,1.89441,62.467,62.962,63.2545,19.0698,0.79688,0.78,0.76281,0.3
965271600,0,1.89441,3.49521,62.962,63.2545,63.682,21.0143,0.78,0.76281,0.74375,0.3
965272500,1.89441,3.49521,4.80242,63.2545,63.682,64.2445,24.3152,0.76281,0.74375,0.72281,0.3
965273400,3.49521,4.80242,5.81603,63.682,64.2445,64.942,28.9724,0.74375,0.72281,0.7,0.14
965274300,4.80242,5.81603,6.20051,64.2445,64.942,66.4664,41.3901,0.72281,0.7,0.66031,0.14
965275200,5.81603,6.20051,6.51508,64.942,66.4664,67.6645,50.8947,0.7,0.66031,0.62875,0.12
965276100,6.20051,6.51508,6.75974,66.4664,67.6645,68.5364,57.4861,0.66031,0.62875,0.60531,0.12
965277000,6.51508,6.75974,6.9345,67.6645,68.5364,69.082,61.1645,0.62875,0.60531,0.59,0.12
965277900,6.75974,6.9345,7.03936,68.5364,69.082,68.5251,56.1235,0.60531,0.59,0.59875,0.12
965278800,6.9345,7.03936,7.07431,69.082,68.5251,68.1595,52.0402,0.59,0.59875,0.605,0.12
965279700,7.03936,7.07431,7.03936,68.5251,68.1595,67.9851,48.9145,0.59875,0.605,0.60875,0.12
965280600,7.07431,7.03936,6.9345,68.1595,67.9851,68.002,46.7465,0.605,0.60875,0.61,0.12
965281500,7.03936,6.9345,6.55003,67.9851,68.002,68.5814,46.9478,0.60875,0.61,0.60875,0.12
965282400,6.9345,6.55003,6.23546,68.002,68.5814,69.1045,47.1656,0.61,0.60875,0.605,0.12
965283300,6.55003,6.23546,5.9908,68.5814,69.1045,69.5714,47.3998,0.60875,0.605,0.59875,0.12
965284200,6.23546,5.9908,5.81603,69.1045,69.5714,69.982,47.6505,0.605,0.59875,0.59,0.12
965285100,5.9908,5.81603,5.71118,69.5714,69.982,70.3532,50.0856,0.59875,0.59,0.5675,0.12
965286000,5.81603,5.71118,5.67623,69.982,70.3532,70.657,51.0918,0.59,0.5675,0.55,0.12
965286900,5.71118,5.67623,5.71118,70.3532,70.657,70.8932,50.6691,0.5675,0.55,0.5375,0.12
965287800,5.67623,5.71118,5.81603,70.657,70.8932,71.062,48.8174,0.55,0.5375,0.53,0.12
965288700,5.71118,5.81603,5.9908,70.8932,71.062,70.8764,39.5704,0.5375,0.53,0.54156,0.12
965289600,5.81603,5.9908,6.23546,71.062,70.8764,70.8145,32.8721,0.53,0.54156,0.54875,0.14
965290500,5.9908,6.23546,6.55003,70.8764,70.8145,70.8764,28.7225,0.54156,0.54875,0.55156,0.14
965291400,6.23546,6.55003,6.9345,70.8145,70.8764,71.062,27.1216,0.54875,0.55156,0.55,0.14
965292300,6.55003,6.9345,7.80831,70.8764,71.062,71.9282,36.218,0.55156,0.55,0.53,0.14
965293200,6.9345,7.80831,8.4724,71.062,71.9282,72.547,42.4307,0.55,0.53,0.515,0.14
965294100,7.80831,8.4724,8.92677,71.9282,72.547,72.9182,45.7598,0.53,0.515,0.505,0.14
965295000,8.4724,8.92677,9.17144,72.547,72.9182,73.042,46.2051,0.515,0.505,0.5,0.14
965295900,8.92677,9.17144,8.68211,72.9182,73.042,72.3614,37.4702,0.505,0.5,0.51219,0.14
965296800,9.17144,8.68211,8.33259,73.042,72.3614,71.8045,30.0493,0.5,0.51219,0.52125,0.14
965297700,8.68211,8.33259,8.12287,72.3614,71.8045,71.3714,23.9424,0.51219,0.52125,0.52719,0.14
965298600,8.33259,8.12287,8.05297,71.8045,71.3714,71.062,19.1495,0.52125,0.52719,0.53,0.14
965299500,8.12287,8.05297,8.33259,71.3714,71.062,71.2476,17.8168,0.52719,0.53,0.5175,0.14
965300400,8.05297,8.33259,8.6122,71.062,71.2476,71.3095,16.3674,0.53,0.5175,0.51,0.14
965301300,8.33259,8.6122,8.89182,71.2476,71.3095,71.2476,14.8013,0.5175,0.51,0.5075,0.14
965302200,8.6122,8.89182,9.17144,71.3095,71.2476,71.062,13.1184,0.51,0.5075,0.51,0.14
965303100,8.89182,9.17144,9.66077,71.2476,71.062,70.4826,10.8231,0.5075,0.51,0.52688,0.14
965304000,9.17144,9.66077,10.0103,71.062,70.4826,69.9595,8.74167,0.51,0.52688,0.5425,0.14
965304900,9.66077,10.0103,10.22,70.4826,69.9595,69.4926,6.87403,0.52688,0.5425,0.55688,0.14
965305800,10.0103,10.22,10.2899,69.9595,69.4926,69.082,5.22021,0.5425,0.55688,0.57,0.14
965306700,10.22,10.2899,10.1151,69.4926,69.082,68.9976,3.75092,0.55688,0.57,0.57531,0.14
965307600,10.2899,10.1151,9.87048,69.082,68.9976,68.7895,2.515,0.57,0.57531,0.58375,0.14
965308500,10.1151,9.87048,9.55591,68.9976,68.7895,68.4576,1.51243,0.57531,0.58375,0.59531,0.14
965309400,9.87048,9.55591,9.17144,68.7895,68.4576,68.002,0.74322,0.58375,0.59531,0.61,0.16
965310300,9.55591,9.17144,8.19278,68.4576,68.002,66.9501,0.48774,0.59531,0.61,0.64094,0.16
965311200,9.17144,8.19278,7.49374,68.002,66.9501,66.0895,0.27871,0.61,0.64094,0.66625,0.16
965312100,8.19278,7.49374,7.07431,66.9501,66.0895,65.4201,0.11613,0.64094,0.66625,0.68594,0.16
965313000,7.49374,7.07431,6.9345,66.0895,65.4201,64.942,0,0.66625,0.68594,0.7,0.16
965313900,7.07431,6.9345,7.70345,65.4201,64.942,64.942,0,0.68594,0.7,0.69719,0.16
965314800,6.9345,7.70345,8.33259,64.942,64.942,64.942,0,0.7,0.69719,0.69625,0.1562
965315700,7.70345,8.33259,8.82192,64.942,64.942,64.942,0,0.69719,0.69625,0.69719,0.14
965316600,8.33259,8.82192,9.17144,64.942,64.942,64.942,0,0.69625,0.69719,0.7,0.14
965317500,8.82192,9.17144,9.17144,64.942,64.942,65.0264,0,0.69719,0.7,0.70844,0.14
965318400,9.17144,9.17144,9.17144,64.942,65.0264,65.0545,0,0.7,0.70844,0.71625,0.14
965319300,9.17144,9.17144,9.17144,65.0264,65.0545,65.0264,0,0.70844,0.71625,0.72344,0.14
965320200,9.17144,9.17144,9.17144,65.0545,65.0264,64.942,0,0.71625,0.72344,0.73,0.14
965321100,9.17144,9.17144,8.94075,65.0264,64.942,64.7339,0,0.72344,0.73,0.73688,0.14
965322000,9.17144,8.94075,8.86386,64.942,64.7339,64.5145,0,0.73,0.73688,0.7425,0.14
965322900,8.94075,8.86386,8.94075,64.7339,64.5145,64.2839,0,0.73688,0.7425,0.74688,0.14
965323800,8.86386,8.94075,9.17144,64.5145,64.2839,64.042,0,0.7425,0.74688,0.75,0.14
965324700,8.94075,9.17144,10.3528,64.2839,64.042,63.7551,0,0.74688,0.75,0.74719,0.14
965325600,9.17144,10.3528,11.1567,64.042,63.7551,63.4795,0,0.75,0.74719,0.74625,0.14
965326500,10.3528,11.1567,11.5831,63.7551,63.4795,63.2151,0,0.74719,0.74625,0.74719,0.14
965327400,11.1567,11.5831,11.6321,63.4795,63.2151,62.962,0,0.74625,0.74719,0.75,0.14
965328300,11.5831,11.6321,10.2969,63.2151,62.962,62.8382,0,0.74719,0.75,0.7575,0.14
965329200,11.6321,10.2969,9.25532,62.962,62.8382,62.647,0,0.75,0.7575,0.765,0.14
965330100,10.2969,9.25532,8.50735,62.8382,62.647,62.3882,0,0.7575,0.765,0.7725,0.14
965331000,9.25532,8.50735,8.05297,62.647,62.3882,62.062,0,0.765,0.7725,0.78,0.14
965331900,8.50735,8.05297,8.64716,62.3882,62.062,61.5839,0,0.7725,0.78,0.78469,0.14
965332800,8.05297,8.64716,9.03163,62.062,61.5839,61.0945,0,0.78,0.78469,0.79125,0.14
965333700,8.64716,9.03163,9.20639,61.5839,61.0945,60.5939,0,0.78469,0.79125,0.79969,0.14
965334600,9.03163,9.20639,9.17144,61.0945,60.5939,60.082,0,0.79125,0.79969,0.81,0.14
965335500,9.20639,9.17144,8.40249,60.5939,60.082,59.4239,0,0.79969,0.81,0.82781,0.14
965336400,9.17144,8.40249,7.77335,60.082,59.4239,58.8445,0,0.81,0.82781,0.84375,0.14
965337300,8.40249,7.77335,7.28402,59.4239,58.8445,58.3439,0,0.82781,0.84375,0.85781,0.14
965338200,7.77335,7.28402,6.9345,58.8445,58.3439,57.922,0,0.84375,0.85781,0.87,0.14
965339100,7.28402,6.9345,6.9345,58.3439,57.922,57.5282,0,0.85781,0.87,0.88031,0.14
965340000,6.9345,6.9345,6.9345,57.922,57.5282,57.247,0,0.87,0.88031,0.88875,0.14
965340900,6.9345,6.9345,6.9345,57.5282,57.247,57.0782,0,0.88031,0.88875,0.89531,0.14
965341800,6.9345,6.9345,6.9345,57.247,57.0782,57.022,0.28105,0.88875,0.89531,0.9,0.14
965342700,6.9345,6.9345,6.9345,57.0782,57.022,57.3314,0.71955,0.89531,0.9,0.9,0.14
965343600,6.9345,6.9345,6.9345,57.022,57.3314,57.5845,1.41129,0.9,0.9,0.9,0.14
965344500,6.9345,6.9345,6.9345,57.3314,57.5845,57.7814,2.35626,0.9,0.9,0.9,0.14
965345400,6.9345,6.9345,6.9345,57.5845,57.7814,57.922,3.55446,0.9,0.9,0.9,0.14
965346300,6.9345,6.9345,6.9345,57.7814,57.922,57.8207,5.17177,0.9,0.9,0.90281,0.14
965347200,6.9345,6.9345,6.9345,57.922,57.8207,57.787,6.93173,0.9,0.90281,0.90375,0.14
965348100,6.9345,6.9345,6.9345,57.8207,57.787,57.8207,8.83432,0.90281,0.90375,0.90281,0.14
965349000,6.9345,6.9345,6.9345,57.787,57.8207,57.922,10.8795,0.90375,0.90281,0.9,0.14
965349900,6.9345,6.9345,6.9345,57.8207,57.922,57.7364,12.7192,0.90281,0.9,0.90281,0.14
965350800,6.9345,6.9345,6.9345,57.922,57.7364,57.8545,14.9336,0.9,0.90281,0.89875,0.14
965351700,6.9345,6.9345,6.9345,57.7364,57.8545,58.2764,17.5228,0.90281,0.89875,0.88781,0.14
965352600,6.9345,6.9345,6.9345,57.8545,58.2764,59.002,20.4868,0.89875,0.88781,0.87,0.14
965353500,6.9345,6.9345,6.49411,58.2764,59.002,61.0439,23.4631,0.88781,0.87,0.82188,0.14
965354400,6.9345,6.49411,6.34731,59.002,61.0439,62.7145,27.0558,0.87,0.82188,0.7825,0.14
965355300,6.49411,6.34731,6.49411,61.0439,62.7145,64.0139,31.2651,0.82188,0.7825,0.75188,0.14
965356200,6.34731,6.49411,6.9345,62.7145,64.0139,64.942,36.0909,0.7825,0.75188,0.73,0.12
965357100,6.49411,6.9345,8.67512,64.0139,64.942,64.8407,43.6445,0.75188,0.73,0.73281,0.12
965358000,6.9345,8.67512,10.0383,64.942,64.8407,64.807,50.407,0.73,0.73281,0.73375,0.12
965358900,8.67512,10.0383,11.0239,64.8407,64.807,64.8407,56.3787,0.73281,0.73375,0.73281,0.12
965359800,10.0383,11.0239,11.6321,64.807,64.8407,64.942,61.5593,0.73375,0.73281,0.73,0.12
965360700,11.0239,11.6321,11.4853,64.8407,64.942,65.0264,65.1995,0.73281,0.73,0.72625,0.12
965361600,11.6321,11.4853,11.2126,64.942,65.0264,65.2345,68.5484,0.73,0.72625,0.72,0.12
965362500,11.4853,11.2126,10.8142,65.0264,65.2345,65.5664,71.6061,0.72625,0.72,0.71125,0.12
965363400,11.2126,10.8142,10.2899,65.2345,65.5664,66.022,74.3725,0.72,0.71125,0.7,0.12
965364300,10.8142,10.2899,9.24134,65.5664,66.022,66.7026,77.3227,0.71125,0.7,0.68344,0.12
965365200,10.2899,9.24134,8.33259,66.022,66.7026,67.4395,79.665,0.7,0.68344,0.66625,0.12
965366100,9.24134,8.33259,7.56364,66.7026,67.4395,68.2326,81.3994,0.68344,0.66625,0.64844,0.12
965367000,8.33259,7.56364,6.9345,67.4395,68.2326,69.082,82.5257,0.66625,0.64844,0.63,0.12
965367900,7.56364,6.9345,6.1306,68.2326,69.082,70.3589,82.4131,0.64844,0.63,0.60344,0.12
965368800,6.9345,6.1306,5.67623,69.082,70.3589,71.4445,82.1133,0.63,0.60344,0.58125,0.12
965369700,6.1306,5.67623,5.57137,70.3589,71.4445,72.3389,81.6261,0.60344,0.58125,0.56344,0.12
965370600,5.67623,5.57137,5.81603,71.4445,72.3389,73.042,80.9517,0.58125,0.56344,0.55,0.12
965371500,5.57137,5.81603,7.45878,72.3389,73.042,73.0645,80.2969,0.56344,0.55,0.55688,0.12
965372400,5.81603,7.45878,8.75201,73.042,73.0645,73.222,79.3169,0.55,0.55688,0.5575,0.12
965373300,7.45878,8.75201,9.69572,73.0645,73.222,73.5145,78.0118,0.55688,0.5575,0.55188,0.12
965374200,8.75201,9.69572,10.2899,73.222,73.5145,73.942,76.3816,0.5575,0.55188,0.54,0.12
965375100,9.69572,10.2899,9.67475,73.5145,73.942,74.9939,74.4647,0.55188,0.54,0.50313,0.12
965376000,10.2899,9.67475,9.28329,73.942,74.9939,75.8545,72.197,0.54,0.50313,0.4725,0.12
965376900,9.67475,9.28329,9.11552,74.9939,75.8545,76.5239,69.5786,0.50313,0.4725,0.44813,0.12
965377800,9.28329,9.11552,9.17144,75.8545,76.5239,77.002,66.6095,0.4725,0.44813,0.43,0.12
965378700,9.11552,9.17144,10.0173,76.5239,77.002,77.1032,62.7621,0.44813,0.43,0.42188,0.12
965379600,9.17144,10.0173,10.7093,77.002,77.1032,77.137,58.9157,0.43,0.42188,0.4175,0.12
965380500,10.0173,10.7093,11.2476,77.1032,77.137,77.1032,55.0704,0.42188,0.4175,0.41688,0.12
965381400,10.7093,11.2476,11.6321,77.137,77.1032,77.002,51.226,0.4175,0.41688,0.42,0.12
965382300,11.2476,11.6321,11.7579,77.1032,77.002,76.6307,47.4238,0.41688,0.42,0.44094,0.12
965383200,11.6321,11.7579,11.7998,77.002,76.6307,76.327,43.5952,0.42,0.44094,0.45625,0.12
965384100,11.7579,11.7998,11.7579,76.6307,76.327,76.0907,39.7403,0.44094,0.45625,0.46594,0.12
965385000,11.7998,11.7579,11.6321,76.327,76.0907,75.922,35.859,0.45625,0.46594,0.47,0.12
965385900,11.7579,11.6321,11.1707,76.0907,75.922,76.192,31.7197,0.46594,0.47,0.45438,0.1279
965386800,11.6321,11.1707,10.7932,75.922,76.192,76.282,27.7085,0.47,0.45438,0.4425,0.1255
965387700,11.1707,10.7932,10.4996,76.192,76.282,76.192,23.8254,0.45438,0.4425,0.43438,0.1343
965388600,10.7932,10.4996,10.2899,76.282,76.192,75.922,20.0704,0.4425,0.43438,0.43,0.1313
965389500,10.4996,10.2899,10.2899,76.192,75.922,75.4045,15.8543,0.43438,0.43,0.4275,0.1341
965390400,10.2899,10.2899,10.2899,75.922,75.4045,74.752,12.1591,0.43,0.4275,0.43,0.1341
965391300,10.2899,10.2899,10.2899,75.4045,74.752,73.9645,8.9849,0.4275,0.43,0.4375,0.134
965392200,10.2899,10.2899,10.2899,74.752,73.9645,73.042,6.33173,0.43,0.4375,0.45,0.1273
965393100,10.2899,10.2899,10.3948,73.9645,73.042,71.5964,4.56165,0.4375,0.45,0.475,0.1357
965394000,10.2899,10.3948,10.4297,73.042,71.5964,70.2745,3.07117,0.45,0.475,0.5,0.1345
965394900,10.3948,10.4297,10.3948,71.5964,70.2745,69.0764,1.8603,0.475,0.5,0.525,0.1373
965395800,10.4297,10.3948,10.2899,70.2745,69.0764,68.002,0.92903,0.5,0.525,0.55,0.1382
965396700,10.3948,10.2899,9.80058,69.0764,68.002,66.9501,0.60968,0.525,0.55,0.58156,0.1385
965397600,10.2899,9.80058,9.45106,68.002,66.9501,66.0895,0.34839,0.55,0.58156,0.60875,0.1386
965398500,9.80058,9.45106,9.24134,66.9501,66.0895,65.4201,0.14516,0.58156,0.60875,0.63156,0.14
965399400,9.45106,9.24134,9.17144,66.0895,65.4201,64.942,0,0.60875,0.63156,0.65,0.14
965400300,9.24134,9.17144,9.43008,65.4201,64.942,64.942,0,0.63156,0.65,0.65844,0.14
965401200,9.17144,9.43008,9.70271,64.942,64.942,64.942,0,0.65,0.65844,0.66625,0.14
965402100,9.43008,9.70271,9.98932,64.942,64.942,64.942,0,0.65844,0.66625,0.67344,0.14
965403000,9.70271,9.98932,10.2899,64.942,64.942,64.942,0,0.66625,0.67344,0.68,0.14
965403900,9.98932,10.2899,10.5416,64.942,64.942,65.1276,0,0.67344,0.68,0.68406,0.14
965404800,10.2899,10.5416,10.8491,64.942,65.1276,65.1895,0,0.68,0.68406,0.68875,0.14
965405700,10.5416,10.8491,11.2126,65.1276,65.1895,65.1276,0,0.68406,0.68875,0.69406,0.14
965406600,10.8491,11.2126,11.6321,65.1895,65.1276,64.942,0,0.68875,0.69406,0.7,0.14
965407500,11.2126,11.6321,12.9463,65.1276,64.942,64.3457,0,0.69406,0.7,0.70844,0.14
965408400,11.6321,12.9463,13.7572,64.942,64.3457,63.817,0,0.7,0.70844,0.71625,0.14
965409300,12.9463,13.7572,14.0647,64.3457,63.817,63.3557,0,0.70844,0.71625,0.72344,0.14
965410200,13.7572,14.0647,13.869,63.817,63.3557,62.962,0,0.71625,0.72344,0.73,0.14
965411100,14.0647,13.869,11.8697,63.3557,62.962,62.8382,0,0.72344,0.73,0.73125,0.14
965412000,13.869,11.8697,10.234,62.962,62.8382,62.647,0,0.73,0.73125,0.735,0.14
965412900,11.8697,10.234,8.96173,62.8382,62.647,62.3882,0,0.73125,0.735,0.74125,0.14
965413800,10.234,8.96173,8.05297,62.647,62.3882,62.062,0,0.735,0.74125,0.75,0.14
965414700,8.96173,8.05297,8.26268,62.3882,62.062,61.3814,0,0.74125,0.75,0.77063,0.14
965415600,8.05297,8.26268,8.33259,62.062,61.3814,60.8245,0,0.75,0.77063,0.7875,0.14
965416500,8.26268,8.33259,8.26268,61.3814,60.8245,60.3914,0,0.77063,0.7875,0.80063,0.14
965417400,8.33259,8.26268,8.05297,60.8245,60.3914,60.082,0,0.7875,0.80063,0.81,0.14
965418300,8.26268,8.05297,7.28402,60.3914,60.082,60.3689,0,0.80063,0.81,0.80156,0.14
965419200,8.05297,7.28402,6.65489,60.082,60.3689,60.4645,0,0.81,0.80156,0.79875,0.14
965420100,7.28402,6.65489,6.16556,60.3689,60.4645,60.3689,0,0.80156,0.79875,0.80156,0.14
965421000,6.65489,6.16556,5.81603,60.4645,60.3689,60.082,0,0.79875,0.80156,0.81,0.14
965421900,6.16556,5.81603,6.36129,60.3689,60.082,59.1314,0,0.80156,0.81,0.83813,0.16
965422800,5.81603,6.36129,6.54304,60.082,59.1314,58.3045,0,0.81,0.83813,0.8625,0.14
965423700,6.36129,6.54304,6.36129,59.1314,58.3045,57.6014,0,0.83813,0.8625,0.88313,0.14
965424600,6.54304,6.36129,5.81603,58.3045,57.6014,57.022,0,0.8625,0.88313,0.9,0.14
965425500,6.36129,5.81603,3.06181,57.6014,57.022,56.5495,0,0.88313,0.9,0.90656,0.16
965426400,5.81603,3.06181,1.17439,57.022,56.5495,56.212,0,0.9,0.90656,0.91375,0.3
965427300,3.06181,1.17439,0.15379,56.5495,56.212,56.0095,0,0.90656,0.91375,0.92156,0.3
965428200,1.17439,0.15379,0,56.212,56.0095,55.942,0.27961,0.91375,0.92156,0.93,0.3
965429100,0.15379,0,2.97792,56.0095,55.942,56.1276,0.69717,0.92156,0.93,0.95031,0.3
965430000,0,2.97792,5.31272,55.942,56.1276,56.3695,1.39615,0.93,0.95031,0.96375,0.3
965430900,2.97792,5.31272,7.00441,56.1276,56.3695,56.6676,2.37654,0.95031,0.96375,0.97031,0.16
965431800,5.31272,7.00441,8.05297,56.3695,56.6676,57.022,3.63836,0.96375,0.97031,0.97,0.14
965432700,7.00441,8.05297,6.96945,56.6676,57.022,57.1457,4.33084,0.97031,0.97,0.95906,0.14
965433600,8.05297,6.96945,6.23546,57.022,57.1457,57.517,5.87192,0.97,0.95906,0.94375,0.14
965434500,6.96945,6.23546,5.85099,57.1457,57.517,58.1357,8.26158,0.95906,0.94375,0.92406,0.14
965435400,6.23546,5.85099,5.81603,57.517,58.1357,59.002,11.4998,0.94375,0.92406,0.9,0.14
965436300,5.85099,5.81603,7.28402,58.1357,59.002,60.8582,17.3405,0.92406,0.9,0.8575,0.14
965437200,5.81603,7.28402,8.33259,59.002,60.8582,62.467,22.8605,0.9,0.8575,0.82,0.14
965438100,7.28402,8.33259,8.96173,60.8582,62.467,63.8282,28.06,0.8575,0.82,0.7875,0.12
965439000,8.33259,8.96173,9.17144,62.467,63.8282,64.942,32.9388,0.82,0.7875,0.76,0.12
965439900,8.96173,9.17144,7.70345,63.8282,64.942,65.5214,37.2221,0.7875,0.76,0.74125,0.12
965440800,9.17144,7.70345,6.65489,64.942,65.5214,66.0445,41.3681,0.76,0.74125,0.725,0.12
965441700,7.70345,6.65489,6.02575,65.5214,66.0445,66.5114,45.3768,0.74125,0.725,0.71125,0.12
965442600,6.65489,6.02575,5.81603,66.0445,66.5114,66.922,49.2481,0.725,0.71125,0.7,0.12
965443500,6.02575,5.81603,6.96945,66.5114,66.922,67.1076,53.0986,0.71125,0.7,0.69688,0.12
965444400,5.81603,6.96945,7.91316,66.922,67.1076,67.3495,56.7342,0.7,0.69688,0.6925,0.12
965445300,6.96945,7.91316,8.64716,67.1076,67.3495,67.6476,60.1549,0.69688,0.6925,0.68688,0.12
965446200,7.91316,8.64716,9.17144,67.3495,67.6476,68.002,63.3607,0.6925,0.68688,0.68,0.12
965447100,8.64716,9.17144,9.2763,67.6476,68.002,68.3114,66.2901,0.68688,0.68,0.67375,0.12
965448000,9.17144,9.2763,9.31125,68.002,68.3114,68.7445,69.0456,0.68,0.67375,0.665,0.12
965448900,9.2763,9.31125,9.2763,68.3114,68.7445,69.3014,71.6272,0.67375,0.665,0.65375,0.12
965449800,9.31125,9.2763,9.17144,68.7445,69.3014,69.982,74.0349,0.665,0.65375,0.64,0.12
965450700,9.2763,9.17144,8.68211,69.3014,69.982,71.242,76.8766,0.65375,0.64,0.61438,0.12
965451600,9.17144,8.68211,8.33259,69.982,71.242,72.322,79.1391,0.64,0.61438,0.5925,0.12
965452500,8.68211,8.33259,8.12287,71.242,72.322,73.222,80.8225,0.61438,0.5925,0.57438,0.12
965453400,8.33259,8.12287,8.05297,72.322,73.222,73.942,81.9268,0.5925,0.57438,0.56,0.12
965454300,8.12287,8.05297,8.5423,73.222,73.942,74.0264,81.8707,0.57438,0.56,0.55688,0.12
965455200,8.05297,8.5423,8.89182,73.942,74.0264,74.2345,81.6229,0.56,0.55688,0.5525,0.12
965456100,8.5423,8.89182,9.10153,74.0264,74.2345,74.5664,81.1836,0.55688,0.5525,0.54688,0.12
965457000,8.89182,9.10153,9.17144,74.2345,74.5664,75.022,80.5526,0.5525,0.54688,0.54,0.12
965457900,9.10153,9.17144,8.57725,74.5664,75.022,75.8039,79.8844,0.54688,0.54,0.53188,0.12
965458800,9.17144,8.57725,8.19278,75.022,75.8039,76.5745,78.9218,0.54,0.53188,0.5225,0.12
965459700,8.57725,8.19278,8.01802,75.8039,76.5745,77.3339,77.6646,0.53188,0.5225,0.51188,0.12
965460600,8.19278,8.01802,8.05297,76.5745,77.3339,78.082,76.113,0.5225,0.51188,0.5,0.12
965461500,8.01802,8.05297,8.92677,77.3339,78.082,78.9707,74.4108,0.51188,0.5,0.48594,0.12
965462400,8.05297,8.92677,9.59086,78.082,78.9707,79.747,72.3182,0.5,0.48594,0.47125,0.12
965463300,8.92677,9.59086,10.0452,78.9707,79.747,80.4107,69.8352,0.48594,0.47125,0.45594,0.12
965464200,9.59086,10.0452,10.2899,79.747,80.4107,80.962,66.9617,0.47125,0.45594,0.44,0.12
965465100,10.0452,10.2899,9.90543,80.4107,80.962,81.4345,63.1593,0.45594,0.44,0.41219,0.12
965466000,10.2899,9.90543,9.59086,80.962,81.4345,81.772,59.3254,0.44,0.41219,0.39125,0.12
965466900,9.90543,9.59086,9.3462,81.4345,81.772,81.9745,55.4602,0.41219,0.39125,0.37719,0.12
965467800,9.59086,9.3462,9.17144,81.772,81.9745,82.042,51.5636,0.39125,0.37719,0.37,0.12
965468700,9.3462,9.17144,9.06658,81.9745,82.042,81.8564,47.6199,0.37719,0.37,0.38094,0.12
965469600,9.17144,9.06658,9.03163,82.042,81.8564,81.6145,43.6553,0.37,0.38094,0.39125,0.12
965470500,9.06658,9.03163,9.06658,81.8564,81.6145,81.3164,39.6699,0.38094,0.39125,0.40094,0.12
965471400,9.03163,9.06658,9.17144,81.6145,81.3164,80.962,35.6636,0.39125,0.40094,0.41,0.12
965472300,9.06658,9.17144,9.55591,81.3164,80.962,80.6526,31.3531,0.40094,0.41,0.41469,0.12
965473200,9.17144,9.55591,9.87048,80.962,80.6526,80.2195,27.2106,0.41,0.41469,0.42125,0.12
965474100,9.55591,9.87048,10.1151,80.6526,80.2195,79.6626,23.2362,0.41469,0.42125,0.42969,0.12
965475000,9.87048,10.1151,10.2899,80.2195,79.6626,78.982,19.4298,0.42125,0.42969,0.44,0.1398
965475900,10.1151,10.2899,10.1641,79.6626,78.982,78.1776,15.2554,0.42969,0.44,0.45219,0.1399
965476800,10.2899,10.1641,10.1221,78.982,78.1776,77.2495,11.6064,0.44,0.45219,0.46625,0.12
965477700,10.1641,10.1221,10.1641,78.1776,77.2495,76.1976,8.48262,0.45219,0.46625,0.48219,0.14
965478600,10.1221,10.1641,10.2899,77.2495,76.1976,75.022,5.88415,0.46625,0.48219,0.5,0.1399
965479500,10.1641,10.2899,10.6464,76.1976,75.022,72.9801,4.18664,0.48219,0.5,0.53281,0.14
965480400,10.2899,10.6464,10.9889,75.022,72.9801,71.3095,2.76398,0.5,0.53281,0.55875,0.14
965481300,10.6464,10.9889,11.3175,72.9801,71.3095,70.0101,1.61617,0.53281,0.55875,0.57781,0.14
965482200,10.9889,11.3175,11.6321,71.3095,70.0101,69.082,0.74322,0.55875,0.57781,0.59,0.14
965483100,11.3175,11.6321,11.702,70.0101,69.082,69.2845,0.48774,0.57781,0.59,0.58125,0.1402
965484000,11.6321,11.702,11.9117,69.082,69.2845,69.352,0.27871,0.59,0.58125,0.575,0.1402
965484900,11.702,11.9117,12.2612,69.2845,69.352,69.2845,0.11613,0.58125,0.575,0.57125,0.1402
965485800,11.9117,12.2612,12.7505,69.352,69.2845,69.082,0,0.575,0.57125,0.57,0.1402
965486700,12.2612,12.7505,14.2185,69.2845,69.082,68.5251,0,0.57125,0.57,0.57313,0.1402
965487600,12.7505,14.2185,15.2671,69.082,68.5251,67.9795,0,0.57,0.57313,0.5775,0.1402
965488500,14.2185,15.2671,15.8962,68.5251,67.9795,67.4451,0,0.57313,0.5775,0.58313,0.14
965489400,15.2671,15.8962,16.1059,67.9795,67.4451,66.922,0,0.5775,0.58313,0.59,0.14
965490300,15.8962,16.1059,15.1832,67.4451,66.922,66.427,0,0.58313,0.59,0.59906,0.14
965491200,16.1059,15.1832,14.3164,66.922,66.427,65.932,0,0.59,0.59906,0.60875,0.14
965492100,15.1832,14.3164,13.5055,66.427,65.932,65.437,0,0.59906,0.60875,0.61906,0.14
965493000,14.3164,13.5055,12.7505,65.932,65.437,64.942,0,0.60875,0.61906,0.63,0.14
965493900,13.5055,12.7505,11.7789,65.437,64.942,64.3457,0,0.61906,0.63,0.64813,0.14
965494800,12.7505,11.7789,11.0449,64.942,64.3457,63.817,0,0.63,0.64813,0.6625,0.14
965495700,11.7789,11.0449,10.5486,64.3457,63.817,63.3557,0,0.64813,0.6625,0.67313,0.14
965496600,11.0449,10.5486,10.2899,63.817,63.3557,62.962,0,0.6625,0.67313,0.68,0.14
965497500,10.5486,10.2899,10.7513,63.3557,62.962,62.7539,0,0.67313,0.68,0.67375,0.14
965498400,10.2899,10.7513,11.1288,62.962,62.7539,62.5345,0,0.68,0.67375,0.67,0.14
965499300,10.7513,11.1288,11.4224,62.7539,62.5345,62.3039,0,0.67375,0.67,0.66875,0.14
965500200,11.1288,11.4224,11.6321,62.5345,62.3039,62.062,0,0.67,0.66875,0.67,0.14
965501100,11.4224,11.6321,11.5272,62.3039,62.062,61.6907,0,0.66875,0.67,0.68031,0.14
965502000,11.6321,11.5272,11.4923,62.062,61.6907,61.387,0,0.67,0.68031,0.68875,0.14
965502900,11.5272,11.4923,11.5272,61.6907,61.387,61.1507,0,0.68031,0.68875,0.69531,0.14
965503800,11.4923,11.5272,11.6321,61.387,61.1507,60.982,0,0.68875,0.69531,0.7,0.14
965504700,11.5272,11.6321,12.0165,61.1507,60.982,60.982,0,0.69531,0.7,0.70281,0.14
965505600,11.6321,12.0165,12.3311,60.982,60.982,60.982,0,0.7,0.70281,0.70375,0.14
965506500,12.0165,12.3311,12.5758,60.982,60.982,60.982,0,0.70281,0.70375,0.70281,0.14
965507400,12.3311,12.5758,12.7505,60.982,60.982,60.982,0,0.70375,0.70281,0.7,0.14
965508300,12.5758,12.7505,13.2958,60.982,60.982,61.0664,0,0.70281,0.7,0.68688,0.14
965509200,12.7505,13.2958,13.4775,60.982,61.0664,61.0945,0,0.7,0.68688,0.6775,0.14
965510100,13.2958,13.4775,13.2958,61.0664,61.0945,61.0664,0,0.68688,0.6775,0.67188,0.14
965511000,13.4775,13.2958,12.7505,61.0945,61.0664,60.982,0,0.6775,0.67188,0.67,0.14
965511900,13.2958,12.7505,10.7513,61.0664,60.982,60.487,0,0.67188,0.67,0.68313,0.14
965512800,12.7505,10.7513,9.11552,60.982,60.487,60.172,0,0.67,0.68313,0.6925,0.14
965513700,10.7513,9.11552,7.84326,60.487,60.172,60.037,0,0.68313,0.6925,0.69813,0.14
965514600,9.11552,7.84326,6.9345,60.172,60.037,60.082,0.27894,0.6925,0.69813,0.7,0.14
965515500,7.84326,6.9345,6.72479,60.037,60.082,60.4926,1.2301,0.69813,0.7,0.69531,0.14
965516400,6.9345,6.72479,6.65489,60.082,60.4926,60.9595,2.57412,0.7,0.69531,0.68875,0.14
965517300,6.72479,6.65489,6.72479,60.4926,60.9595,61.4826,4.311,0.69531,0.68875,0.68031,0.14
965518200,6.65489,6.72479,6.9345,60.9595,61.4826,62.062,6.44076,0.68875,0.68031,0.67,0.14
965519100,6.72479,6.9345,7.70345,61.4826,62.062,62.8664,9.64495,0.68031,0.67,0.65313,0.14
965520000,6.9345,7.70345,8.33259,62.062,62.8664,63.6145,12.7876,0.67,0.65313,0.6375,0.14
965520900,7.70345,8.33259,8.82192,62.8664,63.6145,64.3064,15.8688,0.65313,0.6375,0.62313,0.12
965521800,8.33259,8.82192,9.17144,63.6145,64.3064,64.942,18.8884,0.6375,0.62313,0.61,0.12
965522700,8.82192,9.17144,8.8359,64.3064,64.942,65.2345,21.2661,0.62313,0.61,0.60188,0.12
965523600,9.17144,8.8359,8.72405,64.942,65.2345,65.662,23.9692,0.61,0.60188,0.5925,0.12
965524500,8.8359,8.72405,8.8359,65.2345,65.662,66.2245,26.9978,0.60188,0.5925,0.58188,0.12
965525400,8.72405,8.8359,9.17144,65.662,66.2245,66.922,30.352,0.5925,0.58188,0.57,0.12
965526300,8.8359,9.17144,10.6324,66.2245,66.922,68.0751,34.563,0.58188,0.57,0.55219,0.1212
965527200,9.17144,10.6324,11.716,66.922,68.0751,69.1495,38.7453,0.57,0.55219,0.53625,0.1226
965528100,10.6324,11.716,12.422,68.0751,69.1495,70.1451,42.8989,0.55219,0.53625,0.52219,0.1214
965529000,11.716,12.422,12.7505,69.1495,70.1451,71.062,47.0236,0.53625,0.52219,0.51,0.12
965529900,12.422,12.7505,12.0096,70.1451,71.062,71.9507,51.6486,0.52219,0.51,0.49969,0.122
965530800,12.7505,12.0096,11.3525,71.062,71.9507,72.727,55.8922,0.51,0.49969,0.49125,0.12
965531700,12.0096,11.3525,10.7792,71.9507,72.727,73.3907,59.7542,0.49969,0.49125,0.48469,0.12
965532600,11.3525,10.7792,10.2899,72.727,73.3907,73.942,63.2348,0.49125,0.48469,0.48,0.12
965533500,10.7792,10.2899,9.67475,73.3907,73.942,74.1276,66.0051,0.48469,0.48,0.48094,0.12
965534400,10.2899,9.67475,9.28329,73.942,74.1276,74.3695,68.613,0.48,0.48094,0.48125,0.12
965535300,9.67475,9.28329,9.11552,74.1276,74.3695,74.6676,71.0586,0.48094,0.48125,0.48094,0.12
965536200,9.28329,9.11552,9.17144,74.3695,74.6676,75.022,73.3419,0.48125,0.48094,0.48,0.12
965537100,9.11552,9.17144,9.91242,74.6676,75.022,75.517,76.0418,0.48094,0.48,0.48125,0.12
965538000,9.17144,9.91242,10.5695,75.022,75.517,76.012,78.1934,0.48,0.48125,0.48,0.12
965538900,9.91242,10.5695,11.1427,75.517,76.012,76.507,79.7968,0.48125,0.48,0.47625,0.12
965539800,10.5695,11.1427,11.6321,76.012,76.507,77.002,80.8518,0.48,0.47625,0.47,0.12
965540700,11.1427,11.6321,12.0165,76.507,77.002,77.3957,80.8859,0.47625,0.47,0.45375,0.12
965541600,11.6321,12.0165,12.3311,77.002,77.3957,77.857,80.6869,0.47,0.45375,0.44,0.12
965542500,12.0165,12.3311,12.5758,77.3957,77.857,78.3857,80.2547,0.45375,0.44,0.42875,0.12
965543400,12.3311,12.5758,12.7505,77.857,78.3857,78.982,79.5894,0.44,0.42875,0.42,0.12
965544300,12.5758,12.7505,12.8554,78.3857,78.982,79.8482,78.7565,0.42875,0.42,0.4175,0.12
965545200,12.7505,12.8554,12.8903,78.982,79.8482,80.647,77.6468,0.42,0.4175,0.415,0.12
965546100,12.8554,12.8903,12.8554,79.8482,80.647,81.3782,76.2602,0.4175,0.415,0.4125,0.12
965547000,12.8903,12.8554,12.7505,80.647,81.3782,82.042,74.5966,0.415,0.4125,0.41,0.12
965547900,12.8554,12.7505,12.3661,81.3782,82.042,82.8239,72.7669,0.4125,0.41,0.40563,0.12
965548800,12.7505,12.3661,12.0515,82.042,82.8239,83.4145,70.5864,0.41,0.40563,0.4025,0.12
965549700,12.3661,12.0515,11.8068,82.8239,83.4145,83.8139,68.0553,0.40563,0.4025,0.40063,0.12
965550600,12.0515,11.8068,11.6321,83.4145,83.8139,84.022,65.1735,0.4025,0.40063,0.4,0.12
965551500,11.8068,11.6321,11.7579,83.8139,84.022,83.7351,61.4965,0.40063,0.4,0.40156,0.12
965552400,11.6321,11.7579,11.7998,84.022,83.7351,83.4595,57.7652,0.4,0.40156,0.40375,0.12
965553300,11.7579,11.7998,11.7579,83.7351,83.4595,83.1951,53.9793,0.40156,0.40375,0.40656,0.12
965554200,11.7998,11.7579,11.6321,83.4595,83.1951,82.942,50.1391,0.40375,0.40656,0.41,0.12
965555100,11.7579,11.6321,11.0449,83.1951,82.942,82.8182,46.1578,0.40656,0.41,0.415,0.12
965556000,11.6321,11.0449,10.6254,82.942,82.8182,82.627,42.1797,0.41,0.415,0.42,0.12
965556900,11.0449,10.6254,10.3738,82.8182,82.627,82.3682,38.2049,0.415,0.42,0.425,0.12
965557800,10.6254,10.3738,10.2899,82.627,82.3682,82.042,34.2334,0.42,0.425,0.43,0.12
965558700,10.3738,10.2899,10.7513,82.3682,82.042,81.547,29.9381,0.425,0.43,0.43688,0.1283
965559600,10.2899,10.7513,11.1288,82.042,81.547,81.052,25.8641,0.43,0.43688,0.4425,0.1278
965560500,10.7513,11.1288,11.4224,81.547,81.052,80.557,22.0114,0.43688,0.4425,0.44688,0.12
965561400,11.1288,11.4224,11.6321,81.052,80.557,80.062,18.3801,0.4425,0.44688,0.45,0.1282
965562300,11.4224,11.6321,11.6321,80.557,80.062,79.6682,14.6383,0.44688,0.45,0.44531,0.1305
965563200,11.6321,11.6321,11.6321,80.062,79.6682,79.207,11.339,0.45,0.44531,0.44375,0.1304
965564100,11.6321,11.6321,11.6321,79.6682,79.207,78.6782,8.48221,0.44531,0.44375,0.44531,0.1306
965565000,11.6321,11.6321,11.6321,79.207,78.6782,78.082,6.06796,0.44375,0.44531,0.45,0.1305
965565900,11.6321,11.6321,11.6321,78.6782,78.082,77.2157,4.34791,0.44531,0.45,0.46719,0.1304
965566800,11.6321,11.6321,11.6321,78.082,77.2157,76.417,2.90258,0.45,0.46719,0.48125,0.1303
965567700,11.6321,11.6321,11.6321,77.2157,76.417,75.6857,1.73199,0.46719,0.48125,0.49219,0.1315
965568600,11.6321,11.6321,11.6321,76.417,75.6857,75.022,0.83613,0.48125,0.49219,0.5,0.1346
965569500,11.6321,11.6321,11.2126,75.6857,75.022,74.527,0.54871,0.49219,0.5,0.50094,0.1358
965570400,11.6321,11.2126,11.0728,75.022,74.527,74.032,0.31355,0.5,0.50094,0.50125,0.1366
965571300,11.2126,11.0728,11.2126,74.527,74.032,73.537,0.13065,0.50094,0.50125,0.50094,0.1378
965572200,11.0728,11.2126,11.6321,74.032,73.537,73.042,0,0.50125,0.50094,0.5,0.1392
965573100,11.2126,11.6321,13.7152,73.537,73.042,72.6482,0,0.50094,0.5,0.49281,0.14
965574000,11.6321,13.7152,15.1552,73.042,72.6482,72.187,0,0.5,0.49281,0.48875,0.14
965574900,13.7152,15.1552,15.9522,72.6482,72.187,71.6582,0,0.49281,0.48875,0.48781,0.14
965575800,15.1552,15.9522,16.1059,72.187,71.6582,71.062,0,0.48875,0.48781,0.49,0.14
965576700,15.9522,16.1059,14.1067,71.6582,71.062,70.1114,0,0.48781,0.49,0.50188,0.14
965577600,16.1059,14.1067,12.4709,71.062,70.1114,69.2845,0,0.49,0.50188,0.5125,0.14
965578500,14.1067,12.4709,11.1987,70.1114,69.2845,68.5814,0,0.50188,0.5125,0.52188,0.14
965579400,12.4709,11.1987,10.2899,69.2845,68.5814,68.002,0,0.5125,0.52188,0.53,0.14
965580300,11.1987,10.2899,10.0592,68.5814,68.002,67.6307,0,0.52188,0.53,0.53688,0.14
965581200,10.2899,10.0592,9.98233,68.002,67.6307,67.327,0,0.53,0.53688,0.5425,0.14
965582100,10.0592,9.98233,10.0592,67.6307,67.327,67.0907,0,0.53688,0.5425,0.54688,0.14
965583000,9.98233,10.0592,10.2899,67.327,67.0907,66.922,0,0.5425,0.54688,0.55,0.14
965583900,10.0592,10.2899,11.7859,67.0907,66.922,67.2932,0,0.54688,0.55,0.5425,0.14
965584800,10.2899,11.7859,12.6946,66.922,67.2932,67.417,0,0.55,0.5425,0.54,0.14
965585700,11.7859,12.6946,13.0162,67.2932,67.417,67.2932,0,0.5425,0.54,0.5425,0.14
965586600,12.6946,13.0162,12.7505,67.417,67.2932,66.922,0,0.54,0.5425,0.55,0.14
965587500,13.0162,12.7505,9.94738,67.2932,66.922,65.3751,0,0.5425,0.55,0.58125,0.14
965588400,12.7505,9.94738,7.85724,66.922,65.3751,64.1995,0,0.55,0.58125,0.605,0.14
965589300,9.94738,7.85724,6.48012,65.3751,64.1995,63.3951,0,0.58125,0.605,0.62125,0.14
965590200,7.85724,6.48012,5.81603,64.1995,63.3951,62.962,0,0.605,0.62125,0.63,0.14
965591100,6.48012,5.81603,7.2281,63.3951,62.962,64.0139,0,0.62125,0.63,0.61063,0.14
965592000,5.81603,7.2281,8.44443,62.962,64.0139,64.6945,0,0.63,0.61063,0.5975,0.14
965592900,7.2281,8.44443,9.46504,64.0139,64.6945,65.0039,0,0.61063,0.5975,0.59063,0.14
965593800,8.44443,9.46504,10.2899,64.6945,65.0039,64.942,0,0.5975,0.59063,0.59,0.14
965594700,9.46504,10.2899,11.0868,65.0039,64.942,63.3951,0,0.59063,0.59,0.6125,0.14
965595600,10.2899,11.0868,11.5761,64.942,63.3951,62.2195,0,0.59,0.6125,0.63,0.14
965596500,11.0868,11.5761,11.7579,63.3951,62.2195,61.4151,0,0.6125,0.63,0.6425,0.14
965597400,11.5761,11.7579,11.6321,62.2195,61.4151,60.982,0,0.63,0.6425,0.65,0.14
965598300,11.7579,11.6321,10.5066,61.4151,60.982,61.6626,0,0.6425,0.65,0.64313,0.14
965599200,11.6321,10.5066,9.53494,60.982,61.6626,62.2195,0,0.65,0.64313,0.6375,0.14
965600100,10.5066,9.53494,8.71706,61.6626,62.2195,62.6526,0,0.64313,0.6375,0.63313,0.14
965601000,9.53494,8.71706,8.05297,62.2195,62.6526,62.962,0.0929,0.6375,0.63313,0.63,0.14
965601900,8.71706,8.05297,7.45878,62.6526,62.962,62.6751,0.84902,0.63313,0.63,0.63563,0.14
965602800,8.05297,7.45878,7.07431,62.962,62.6751,62.5795,2.00243,0.63,0.63563,0.6375,0.14
965603700,7.45878,7.07431,6.89955,62.6751,62.5795,62.6751,3.55313,0.63563,0.6375,0.63563,0.14
965604600,7.07431,6.89955,6.9345,62.5795,62.6751,62.962,5.50113,0.6375,0.63563,0.63,0.14
965605500,6.89955,6.9345,7.80831,62.6751,62.962,63.727,8.09406,0.63563,0.63,0.61313,0.14
965606400,6.9345,7.80831,8.4724,62.962,63.727,64.492,10.9192,0.63,0.61313,0.5975,0.14
965607300,7.80831,8.4724,8.92677,63.727,64.492,65.257,13.9765,0.61313,0.5975,0.58313,0.1324
965608200,8.4724,8.92677,9.17144,64.492,65.257,66.022,17.2661,0.5975,0.58313,0.57,0.13
965609100,8.92677,9.17144,8.89182,65.257,66.022,66.8882,21.0277,0.58313,0.57,0.56,0.128
965610000,9.17144,8.89182,8.6122,66.022,66.8882,67.687,24.8616,0.57,0.56,0.55,0.1257
965610900,8.89182,8.6122,8.33259,66.8882,67.687,68.4182,28.7678,0.56,0.55,0.54,0.1261
965611800,8.6122,8.33259,8.05297,67.687,68.4182,69.082,32.7463,0.55,0.54,0.53,0.1235
965612700,8.33259,8.05297,7.2281,68.4182,69.082,69.4926,37.3083,0.54,0.53,0.51906,0.1222
965613600,8.05297,7.2281,6.76673,69.082,69.4926,69.9595,41.6017,0.53,0.51906,0.50875,0.122
965614500,7.2281,6.76673,6.66887,69.4926,69.9595,70.4826,45.6266,0.51906,0.50875,0.49906,0.12
965615400,6.76673,6.66887,6.9345,69.9595,70.4826,71.062,49.383,0.50875,0.49906,0.49,0.12
965616300,6.66887,6.9345,8.77997,70.4826,71.062,71.8664,52.7103,0.49906,0.49,0.48063,0.12
965617200,6.9345,8.77997,10.1781,71.062,71.8664,72.6145,55.8761,0.49,0.48063,0.4725,0.12
965618100,8.77997,10.1781,11.1288,71.8664,72.6145,73.3064,58.8803,0.48063,0.4725,0.46563,0.12
965619000,10.1781,11.1288,11.6321,72.6145,73.3064,73.942,61.7228,0.4725,0.46563,0.46,0.12
965619900,11.1288,11.6321,10.4507,73.3064,73.942,74.4201,64.2877,0.46563,0.46,0.45938,0.12
965620800,11.6321,10.4507,9.64679,73.942,74.4201,74.9095,66.7684,0.46,0.45938,0.4575,0.12
965621700,10.4507,9.64679,9.22037,74.4201,74.9095,75.4101,69.1649,0.45938,0.4575,0.45438,0.12
965622600,9.64679,9.22037,9.17144,74.9095,75.4101,75.922,71.4771,0.4575,0.45438,0.45,0.12
965623500,9.22037,9.17144,10.4018,75.4101,75.922,76.5801,74.4292,0.45438,0.45,0.44063,0.12
965624400,9.17144,10.4018,11.4084,75.922,76.5801,77.1595,76.8143,0.45,0.44063,0.4325,0.12
965625300,10.4018,11.4084,12.1913,76.5801,77.1595,77.6601,78.6324,0.44063,0.4325,0.42563,0.12
965626200,11.4084,12.1913,12.7505,77.1595,77.6601,78.082,79.8835,0.4325,0.42563,0.42,0.12
965627100,12.1913,12.7505,12.6457,77.6601,78.082,78.2057,80.1254,0.42563,0.42,0.41844,0.12
965628000,12.7505,12.6457,12.6107,78.082,78.2057,78.397,80.0951,0.42,0.41844,0.41625,0.12
965628900,12.6457,12.6107,12.6457,78.2057,78.397,78.6557,79.7928,0.41844,0.41625,0.41344,0.12
965629800,12.6107,12.6457,12.7505,78.397,78.6557,78.982,79.2183,0.41625,0.41344,0.41,0.12
965630700,12.6457,12.7505,13.4706,78.6557,78.982,79.477,78.3461,0.41344,0.41,0.40594,0.12
965631600,12.7505,13.4706,13.897,78.982,79.477,79.972,77.2189,0.41,0.40594,0.40125,0.12
965632500,13.4706,13.897,14.0298,79.477,79.972,80.467,75.8368,0.40594,0.40125,0.39594,0.12
965633400,13.897,14.0298,13.869,79.972,80.467,80.962,74.1997,0.40125,0.39594,0.39,0.12
965634300,14.0298,13.869,12.408,80.467,80.962,81.6426,72.5304,0.39594,0.39,0.38531,0.12
965635200,13.869,12.408,11.3245,80.962,81.6426,82.1995,70.4576,0.39,0.38531,0.37875,0.12
965636100,12.408,11.3245,10.6185,81.6426,82.1995,82.6326,67.9814,0.38531,0.37875,0.37031,0.12
965637000,11.3245,10.6185,10.2899,82.1995,82.6326,82.942,65.1017,0.37875,0.37031,0.36,0.12
965637900,10.6185,10.2899,11.2406,82.6326,82.942,82.942,61.1602,0.37031,0.36,0.34031,0.12
965638800,10.2899,11.2406,11.9676,82.942,82.942,82.942,57.2542,0.36,0.34031,0.32375,0.12
965639700,11.2406,11.9676,12.4709,82.942,82.942,82.942,53.3836,0.34031,0.32375,0.31031,0.12
965640600,11.9676,12.4709,12.7505,82.942,82.942,82.942,49.5484,0.32375,0.31031,0.3,0.12
965641500,12.4709,12.7505,11.9466,82.942,82.942,83.3132,45.9088,0.31031,0.3,0.29,0.12
965642400,12.7505,11.9466,11.4923,82.942,83.3132,83.437,42.1979,0.3,0.29,0.285,0.12
965643300,11.9466,11.4923,11.3874,83.3132,83.437,83.3132,38.4157,0.29,0.285,0.285,0.1252
965644200,11.4923,11.3874,11.6321,83.437,83.3132,82.942,34.562,0.285,0.285,0.29,0.1251
965645100,11.3874,11.6321,13.8201,83.3132,82.942,81.8676,30.2461,0.285,0.29,0.31688,0.1304
965646000,11.6321,13.8201,15.2951,82.942,81.8676,80.8495,26.1194,0.29,0.31688,0.3375,0.1305
965646900,13.8201,15.2951,16.057,81.8676,80.8495,79.8876,22.1819,0.31688,0.3375,0.35188,0.1305
965647800,15.2951,16.057,16.1059,80.8495,79.8876,78.982,18.4336,0.3375,0.35188,0.36,0.1306
965648700,16.057,16.1059,13.3867,79.8876,78.982,78.1157,14.3601,0.35188,0.36,0.34313,0.1306
965649600,16.1059,13.3867,11.3245,78.982,78.1157,77.317,10.8186,0.36,0.34313,0.3325,0.1306
965650500,13.3867,11.3245,9.91941,78.1157,77.317,76.5857,7.80923,0.34313,0.3325,0.32813,0.1306
965651400,11.3245,9.91941,9.17144,77.317,76.5857,75.922,5.33191,0.3325,0.32813,0.33,0.1306
965652300,9.91941,9.17144,10.5066,76.5857,75.922,75.3257,3.82423,0.32813,0.33,0.34938,0.1306
965653200,9.17144,10.5066,11.5482,75.922,75.3257,74.797,2.55688,0.33,0.34938,0.3675,0.1306
965654100,10.5066,11.5482,12.2962,75.3257,74.797,74.3357,1.52988,0.34938,0.3675,0.38438,0.1319
965655000,11.5482,12.2962,12.7505,74.797,74.3357,73.942,0.74322,0.3675,0.38438,0.4,0.1348
965655900,12.2962,12.7505,12.0515,74.3357,73.942,73.9195,0.48774,0.38438,0.4,0.41531,0.1359
965656800,12.7505,12.0515,11.6321,73.942,73.9195,73.762,0.27871,0.4,0.41531,0.42875,0.1371
965657700,12.0515,11.6321,11.4923,73.9195,73.762,73.4695,0.11613,0.41531,0.42875,0.44031,0.1383
965658600,11.6321,11.4923,11.6321,73.762,73.4695,73.042,0,0.42875,0.44031,0.45,0.14
965659500,11.4923,11.6321,13.1001,73.4695,73.042,72.1757,0,0.44031,0.45,0.455,0.14
965660400,11.6321,13.1001,14.1486,73.042,72.1757,71.377,0,0.45,0.455,0.46,0.14
965661300,13.1001,14.1486,14.7778,72.1757,71.377,70.6457,0,0.455,0.46,0.465,0.14
965662200,14.1486,14.7778,14.9875,71.377,70.6457,69.982,0,0.46,0.465,0.47,0.14
965663100,14.7778,14.9875,14.1696,70.6457,69.982,69.5882,0,0.465,0.47,0.47406,0.14
965664000,14.9875,14.1696,13.3377,69.982,69.5882,69.127,0,0.47,0.47406,0.47875,0.14
965664900,14.1696,13.3377,12.4919,69.5882,69.127,68.5982,0,0.47406,0.47875,0.48406,0.14
965665800,13.3377,12.4919,11.6321,69.127,68.5982,68.002,0,0.47875,0.48406,0.49,0.14
965666700,12.4919,11.6321,10.5066,68.5982,68.002,66.8489,0,0.48406,0.49,0.50125,0.14
965667600,11.6321,10.5066,9.53494,68.002,66.8489,65.9545,0,0.49,0.50125,0.51,0.14
965668500,10.5066,9.53494,8.71706,66.8489,65.9545,65.3189,0,0.50125,0.51,0.51625,0.14
965669400,9.53494,8.71706,8.05297,65.9545,65.3189,64.942,0,0.51,0.51625,0.52,0.14
965670300,8.71706,8.05297,7.56364,65.3189,64.942,65.4145,0,0.51625,0.52,0.5175,0.14
965671200,8.05297,7.56364,7.21412,64.942,65.4145,65.752,0,0.52,0.5175,0.515,0.14
965672100,7.56364,7.21412,7.00441,65.4145,65.752,65.9545,0,0.5175,0.515,0.5125,0.14
965673000,7.21412,7.00441,6.9345,65.752,65.9545,66.022,0,0.515,0.5125,0.51,0.14
965673900,7.00441,6.9345,7.42383,65.9545,66.022,66.1064,0,0.5125,0.51,0.49531,0.14
965674800,6.9345,7.42383,7.77335,66.022,66.1064,65.9545,0,0.51,0.49531,0.48875,0.14
965675700,7.42383,7.77335,7.98307,66.1064,65.9545,65.5664,0,0.49531,0.48875,0.49031,0.14
965676600,7.77335,7.98307,8.05297,65.9545,65.5664,64.942,0,0.48875,0.49031,0.5,0.14
965677500,7.98307,8.05297,7.77335,65.5664,64.942,63.3726,0,0.49031,0.5,0.53375,0.14
965678400,8.05297,7.77335,7.49374,64.942,63.3726,62.0395,0,0.5,0.53375,0.565,0.14
965679300,7.77335,7.49374,7.21412,63.3726,62.0395,60.9426,0,0.53375,0.565,0.59375,0.14
965680200,7.49374,7.21412,6.9345,62.0395,60.9426,60.082,0,0.565,0.59375,0.62,0.14
965681100,7.21412,6.9345,6.78071,60.9426,60.082,59.812,0,0.59375,0.62,0.6475,0.14
965682000,6.9345,6.78071,6.54304,60.082,59.812,59.542,0,0.62,0.6475,0.67,0.14
965682900,6.78071,6.54304,6.22148,59.812,59.542,59.272,0,0.6475,0.67,0.6875,0.14
965683800,6.54304,6.22148,5.81603,59.542,59.272,59.002,0,0.67,0.6875,0.7,0.14
965684700,6.22148,5.81603,4.73951,59.272,59.002,58.3439,0,0.6875,0.7,0.70281,0.14
965685600,5.81603,4.73951,3.97056,59.002,58.3439,57.9445,0,0.7,0.70281,0.70375,0.16
965686500,4.73951,3.97056,3.50919,58.3439,57.9445,57.8039,0,0.70281,0.70375,0.70281,0.3
965687400,3.97056,3.50919,3.3554,57.9445,57.8039,57.922,0,0.70375,0.70281,0.7,0.3
965688300,3.50919,3.3554,4.3061,57.8039,57.922,58.5014,0.80161,0.70281,0.7,0.69906,0.3
965689200,3.3554,4.3061,5.03311,57.922,58.5014,59.2045,2.01512,0.7,0.69906,0.69375,0.3
965690100,4.3061,5.03311,5.53642,58.5014,59.2045,60.0314,3.64055,0.69906,0.69375,0.68406,0.16
965691000,5.03311,5.53642,5.81603,59.2045,60.0314,60.982,5.6779,0.69375,0.68406,0.67,0.14
965691900,5.53642,5.81603,5.3267,60.0314,60.982,62.6301,9.27402,0.68406,0.67,0.63375,0.14
965692800,5.81603,5.3267,4.97718,60.982,62.6301,64.0195,12.5175,0.67,0.63375,0.605,0.14
965693700,5.3267,4.97718,4.76747,62.6301,64.0195,65.1501,15.4083,0.63375,0.605,0.58375,0.1378
965694600,4.97718,4.76747,4.69757,64.0195,65.1501,66.022,17.9464,0.605,0.58375,0.57,0.12
965695500,4.76747,4.69757,4.97718,65.1501,66.022,66.6014,20.8078,0.58375,0.57,0.57313,0.12
965696400,4.69757,4.97718,5.2568,66.022,66.6014,66.9445,22.8659,0.57,0.57313,0.5775,0.12
965697300,4.97718,5.2568,5.53642,66.6014,66.9445,67.0514,24.1207,0.57313,0.5775,0.58313,0.12
965698200,5.2568,5.53642,5.81603,66.9445,67.0514,66.922,24.5722,0.5775,0.58313,0.59,0.12
965699100,5.53642,5.81603,6.09565,67.0514,66.922,65.932,21.2777,0.58313,0.59,0.60188,0.1375
965700000,5.81603,6.09565,6.37527,66.922,65.932,65.122,19.1418,0.59,0.60188,0.6125,0.1376
965700900,6.09565,6.37527,6.65489,65.932,65.122,64.492,18.1645,0.60188,0.6125,0.62188,0.14
965701800,6.37527,6.65489,6.9345,65.122,64.492,64.042,18.3459,0.6125,0.62188,0.63,0.14
965702700,6.65489,6.9345,7.52869,64.492,64.042,63.2995,20.4691,0.62188,0.63,0.65,0.14
965703600,6.9345,7.52869,7.91316,64.042,63.2995,63.052,23.2288,0.63,0.65,0.66,0.14
965704500,7.52869,7.91316,8.08792,63.2995,63.052,63.2995,26.6251,0.65,0.66,0.66,0.14
965705400,7.91316,8.08792,8.05297,63.052,63.2995,64.042,30.6578,0.66,0.66,0.65,0.14
965706300,8.08792,8.05297,7.28402,63.2995,64.042,66.8489,39.4727,0.66,0.65,0.6,0.139
965707200,8.05297,7.28402,6.65489,64.042,66.8489,69.1045,46.1604,0.65,0.6,0.56,0.1302
965708100,7.28402,6.65489,6.16556,66.8489,69.1045,70.8089,50.7207,0.6,0.56,0.53,0.12
965709000,6.65489,6.16556,5.81603,69.1045,70.8089,71.962,53.1537,0.56,0.53,0.51,0.12
965709900,6.16556,5.81603,6.04672,70.8089,71.962,71.197,48.4456,0.53,0.51,0.5225,0.12
965710800,5.81603,6.04672,6.12361,71.962,71.197,70.792,44.9527,0.51,0.5225,0.53,0.12
965711700,6.04672,6.12361,6.04672,71.197,70.792,70.747,42.675,0.5225,0.53,0.5325,0.12
965712600,6.12361,6.04672,5.81603,70.792,70.747,71.062,41.6123,0.53,0.5325,0.53,0.1239
965713500,6.04672,5.81603,4.5298,70.747,71.062,72.7326,43.93,0.5325,0.53,0.50938,0.1394
965714400,5.81603,4.5298,3.69094,71.062,72.7326,74.0995,46.0193,0.53,0.50938,0.4925,0.1396
965715300,4.5298,3.69094,3.29948,72.7326,74.0995,75.1626,47.8803,0.50938,0.4925,0.47938,0.1398
965716200,3.69094,3.29948,3.3554,74.0995,75.1626,75.922,49.513,0.4925,0.47938,0.47,0.14
965717100,3.29948,3.3554,4.86534,75.1626,75.922,75.8207,51.2288,0.47938,0.47,0.47375,0.1402
965718000,3.3554,4.86534,6.15157,75.922,75.8207,75.787,52.5087,0.47,0.47375,0.475,0.14
965718900,4.86534,6.15157,7.21412,75.8207,75.787,75.8207,53.3526,0.47375,0.475,0.47375,0.14
965719800,6.15157,7.21412,8.05297,75.787,75.8207,75.922,53.7605,0.475,0.47375,0.47,0.1347
965720700,7.21412,8.05297,8.5423,75.8207,75.922,75.922,52.8653,0.47375,0.47,0.46,0.14
965721600,8.05297,8.5423,8.89182,75.922,75.922,76.102,52.1122,0.47,0.46,0.45,0.14
965722500,8.5423,8.89182,9.10153,75.922,76.102,76.462,51.5013,0.46,0.45,0.44,0.14
965723400,8.89182,9.10153,9.17144,76.102,76.462,77.002,51.0326,0.45,0.44,0.43,0.14
965724300,9.10153,9.17144,8.89182,76.462,77.002,78.3632,52.4208,0.44,0.43,0.41625,0.14
965725200,9.17144,8.89182,8.6122,77.002,78.3632,79.477,52.808,0.43,0.41625,0.405,0.14
965726100,8.89182,8.6122,8.33259,78.3632,79.477,80.3432,52.1943,0.41625,0.405,0.39625,0.14
965727000,8.6122,8.33259,8.05297,79.477,80.3432,80.962,50.5797,0.405,0.39625,0.39,0.14
965727900,8.33259,8.05297,7.77335,80.3432,80.962,81.0464,46.3698,0.39625,0.39,0.38813,0.12
965728800,8.05297,7.77335,7.49374,80.962,81.0464,81.0745,42.2219,0.39,0.38813,0.3875,0.14
965729700,7.77335,7.49374,7.21412,81.0464,81.0745,81.0464,38.1357,0.38813,0.3875,0.38813,0.1399
965730600,7.49374,7.21412,6.9345,81.0745,81.0464,80.962,34.1114,0.3875,0.38813,0.39,0.14
965731500,7.21412,6.9345,6.44517,81.0464,80.962,80.8382,29.987,0.38813,0.39,0.39406,0.14
965732400,6.9345,6.44517,6.09565,80.962,80.8382,80.647,26.0324,0.39,0.39406,0.39875,0.14
965733300,6.44517,6.09565,5.88594,80.8382,80.647,80.3882,22.2475,0.39406,0.39875,0.40406,0.14
965734200,6.09565,5.88594,5.81603,80.647,80.3882,80.062,18.6325,0.39875,0.40406,0.41,0.14
965735100,5.88594,5.81603,6.30536,80.3882,80.062,79.8539,14.6999,0.40406,0.41,0.41281,0.14
965736000,5.81603,6.30536,6.65489,80.062,79.8539,79.4545,11.2619,0.41,0.41281,0.41875,0.14
965736900,6.30536,6.65489,6.8646,79.8539,79.4545,78.8639,8.31863,0.41281,0.41875,0.42781,0.14
965737800,6.65489,6.8646,6.9345,79.4545,78.8639,78.082,5.86999,0.41875,0.42781,0.44,0.14
965738700,6.8646,6.9345,6.55003,78.8639,78.082,77.0076,4.29928,0.42781,0.44,0.4525,0.14
965739600,6.9345,6.55003,6.23546,78.082,77.0076,75.8095,2.9677,0.44,0.4525,0.47,0.14
965740500,6.55003,6.23546,5.9908,77.0076,75.8095,74.4876,1.87525,0.4525,0.47,0.4925,0.14
965741400,6.23546,5.9908,5.81603,75.8095,74.4876,73.042,1.02193,0.47,0.4925,0.52,0.1442
965742300,5.9908,5.81603,5.50147,74.4876,73.042,70.8145,0.67064,0.4925,0.52,0.57313,0.1552
965743200,5.81603,5.50147,5.39661,73.042,70.8145,68.902,0.38323,0.52,0.57313,0.6175,0.1568
965744100,5.50147,5.39661,5.50147,70.8145,68.902,67.3045,0.15968,0.57313,0.6175,0.65313,0.1562
965745000,5.39661,5.50147,5.81603,68.902,67.3045,66.022,0,0.6175,0.65313,0.68,0.1553
965745900,5.50147,5.81603,7.17917,67.3045,66.022,65.527,0,0.65313,0.68,0.68406,0.1534
965746800,5.81603,7.17917,8.19278,66.022,65.527,65.032,0,0.68,0.68406,0.68875,0.1452
965747700,7.17917,8.19278,8.85687,65.527,65.032,64.537,0,0.68406,0.68875,0.69406,0.14
965748600,8.19278,8.85687,9.17144,65.032,64.537,64.042,0,0.68875,0.69406,0.7,0.14
965749500,8.85687,9.17144,8.19278,64.537,64.042,63.6482,0,0.69406,0.7,0.70281,0.14
965750400,9.17144,8.19278,7.49374,64.042,63.6482,63.187,0,0.7,0.70281,0.70875,0.14
965751300,8.19278,7.49374,7.07431,63.6482,63.187,62.6582,0,0.70281,0.70875,0.71781,0.1453
965752200,7.49374,7.07431,6.9345,63.187,62.6582,62.062,0,0.70875,0.71781,0.73,0.1453
965753100,7.07431,6.9345,7.59859,62.6582,62.062,61.1114,0,0.71781,0.73,0.7575,0.1454
965754000,6.9345,7.59859,8.19278,62.062,61.1114,60.2845,0,0.73,0.7575,0.78,0.14
965754900,7.59859,8.19278,8.71706,61.1114,60.2845,59.5814,0,0.7575,0.78,0.7975,0.14
965755800,8.19278,8.71706,9.17144,60.2845,59.5814,59.002,0,0.78,0.7975,0.81,0.14
965756700,8.71706,9.17144,9.43008,59.5814,59.002,58.7151,0,0.7975,0.81,0.80719,0.14
965757600,9.17144,9.43008,9.70271,59.002,58.7151,58.4395,0,0.81,0.80719,0.80625,0.14
965758500,9.43008,9.70271,9.98932,58.7151,58.4395,58.1751,0,0.80719,0.80625,0.80719,0.14
